<?xml version="1.0" encoding="UTF-8"?>
<beans xmlns="http://www.springframework.org/schema/beans" xmlns:xsi="http://www.w3.org/2001/XMLSchema-instance"
  xmlns:aop="http://www.springframework.org/schema/aop" xmlns:batch="http://www.springframework.org/schema/batch"
  xmlns:context="http://www.springframework.org/schema/context" xmlns:jdbc="http://www.springframework.org/schema/jdbc"
  xmlns:jee="http://www.springframework.org/schema/jee" xmlns:jms="http://www.springframework.org/schema/jms"
  xmlns:lang="http://www.springframework.org/schema/lang" xmlns:mvc="http://www.springframework.org/schema/mvc" xmlns:p="http://www.springframework.org/schema/p"
  xmlns:tx="http://www.springframework.org/schema/tx" xmlns:util="http://www.springframework.org/schema/util" xmlns:ws="http://www.springframework.org/schema/web-services"
  xsi:schemaLocation="http://www.springframework.org/schema/beans http://www.springframework.org/schema/beans/spring-beans-3.0.xsd
    http://www.springframework.org/schema/aop http://www.springframework.org/schema/aop/spring-aop-3.0.xsd
    http://www.springframework.org/schema/batch http://www.springframework.org/schema/batch/spring-batch-2.1.xsd
    http://www.springframework.org/schema/context http://www.springframework.org/schema/context/spring-context-3.0.xsd
    http://www.springframework.org/schema/jdbc http://www.springframework.org/schema/jdbc/spring-jdbc-3.0.xsd
    http://www.springframework.org/schema/jee http://www.springframework.org/schema/jee/spring-jee-3.0.xsd
    http://www.springframework.org/schema/jms http://www.springframework.org/schema/jms/spring-jms-3.0.xsd
    http://www.springframework.org/schema/lang http://www.springframework.org/schema/lang/spring-lang-3.0.xsd
    http://www.springframework.org/schema/mvc http://www.springframework.org/schema/mvc/spring-mvc-3.0.xsd
    http://www.springframework.org/schema/task http://www.springframework.org/schema/task/spring-task-3.0.xsd
    http://www.springframework.org/schema/tx http://www.springframework.org/schema/tx/spring-tx-3.0.xsd
    http://www.springframework.org/schema/util http://www.springframework.org/schema/util/spring-util-3.0.xsd
    http://www.springframework.org/schema/web-services http://www.springframework.org/schema/web-services/web-services-1.5.xsd
    http://www.springframework.org/schema/aop http://www.springframework.org/schema/aop/spring-aop-3.0.xsd">
  <context:annotation-config />
  <bean id="sessionFactory" class="org.springframework.orm.hibernate3.annotation.AnnotationSessionFactoryBean">
    <property name="packagesToScan">
      <list>
        <value>com.aartek.prestigepoint.model</value>
      </list>
    </property>
    <property name="hibernateProperties">
      <ref local="hibernateProperties" />
    </property>
    <property name="dataSource">
      <ref bean="dataSource" />
    </property>
  </bean>
  <bean id="dataSource" class="com.mchange.v2.c3p0.ComboPooledDataSource">
    <property name="driverClass">
      <value>${connection.driver_class}</value>
    </property>
    <property name="jdbcUrl">
      <value>${connection.url}</value>
    </property>
    <property name="user">
      <value>${connection.username}</value>
    </property>
    <property name="password">
      <value>${connection.password}</value>
    </property>
       <!-- Connection pool code start -->
    <property name="testConnectionOnCheckin" value="true" />
    <property name="checkoutTimeout">
      <value>600000</value>
    </property>
    <property name="maxIdleTime">
      <value>30</value>
    </property>
    <property name="maxPoolSize">
      <value>50</value>
    </property>
    <property name="minPoolSize">
      <value>5</value>
    </property>
    <property name="initialPoolSize">
      <value>5</value>
    </property>
    <property name="unreturnedConnectionTimeout">
      <value>50</value>
    </property>
    <property name="maxStatements" value="2000" />
    <property name="idleConnectionTestPeriod" value="30" />
    <property name="automaticTestTable" value="c3p0_con_test" />
    <!-- Connection pool code end -->
  </bean>

  <bean id="propertyConfigurer" class="org.springframework.beans.factory.config.PropertyPlaceholderConfigurer">
    <property name="locations">
      <list>
        <value>classpath:hibernate.properties</value>
      </list>
    </property>
  </bean>
  <!-- App Custom Message Properties And For Localization Config -->
  <bean id="messageSource" class="org.springframework.context.support.ResourceBundleMessageSource">
    <property name="basenames">
      <list>
        <value>message</value>
        <value>hibernate</value>
      </list>
    </property>
  </bean>


  <bean id="hibernateProperties" class="org.springframework.beans.factory.config.PropertiesFactoryBean">
    <property name="properties">
      <props>
        <prop key="hibernate.show_sql">${hibernate.show_sql}</prop>
      <!--  <prop key="hibernate.hbm2ddl.auto">${hibernate.hbm2ddl.auto}</prop>  -->
      </props>
    </property>
  </bean>

  <bean id="txManager" class="org.springframework.orm.hibernate3.HibernateTransactionManager">
    <property name="sessionFactory" ref="sessionFactory" />
  </bean>

  <bean id="hibernateTemplate" class="org.springframework.orm.hibernate3.HibernateTemplate">
    <property name="sessionFactory" ref="sessionFactory" />
  </bean>
</beans>